disease,fever,cough,fatigue,headache,nausea,vomiting,diarrhea,chest_pain,shortness_of_breath,sore_throat,runny_nose,joint_pain,muscle_pain,abdominal_pain,dizziness,skin_rash,itching,chills,sweating,weakness
Influenza,1,1,1,1,0,0,0,0,0,1,1,1,1,0,0,0,0,1,1,1
Influenza,1,1,1,0,1,1,0,0,0,1,0,1,1,0,0,0,0,1,1,1
Influenza,1,1,1,1,0,0,0,0,1,1,1,0,1,0,0,0,0,1,0,1
Common Cold,0,1,1,0,0,0,0,0,0,1,1,0,0,0,0,0,0,0,0,1
Common Cold,0,1,1,1,0,0,0,0,0,1,1,0,0,0,0,0,0,0,0,0
Common Cold,1,1,0,0,0,0,0,0,0,1,1,0,0,0,0,0,0,0,0,0
Pneumonia,1,1,1,1,0,0,0,1,1,0,0,0,1,0,0,0,0,1,1,1
Pneumonia,1,1,1,0,0,0,0,1,1,0,0,1,1,0,0,0,0,1,1,1
Pneumonia,1,1,1,1,0,0,0,1,1,0,0,0,1,0,1,0,0,1,1,1
Asthma,0,1,0,0,0,0,0,1,1,0,0,0,0,0,0,0,0,0,0,0
Asthma,0,1,1,0,0,0,0,1,1,0,0,0,0,0,0,0,0,0,1,1
Asthma,0,1,0,0,0,0,0,0,1,0,0,0,0,0,0,0,0,0,0,0
Bronchitis,1,1,1,0,0,0,0,0,1,0,0,0,1,0,0,0,0,0,0,1
Bronchitis,0,1,1,0,0,0,0,0,1,0,0,0,1,0,0,0,0,0,0,1
Bronchitis,1,1,1,1,0,0,0,0,1,1,0,0,1,0,0,0,0,1,0,1
Gastroenteritis,1,0,1,0,1,1,1,0,0,0,0,0,0,1,0,0,0,0,0,1
Gastroenteritis,1,0,1,0,1,1,1,0,0,0,0,0,0,1,1,0,0,0,1,1
Gastroenteritis,0,0,1,0,1,1,1,0,0,0,0,0,0,1,0,0,0,0,0,1
Migraine,0,0,1,1,1,1,0,0,0,0,0,0,0,0,1,0,0,0,0,1
Migraine,0,0,0,1,1,1,0,0,0,0,0,0,0,0,1,0,0,0,0,0
Migraine,0,0,1,1,1,0,0,0,0,0,0,0,0,0,1,0,0,0,0,1
Hypertension,0,0,1,1,0,0,0,1,0,0,0,0,0,0,1,0,0,0,1,1
Hypertension,0,0,0,1,0,0,0,1,0,0,0,0,0,0,1,0,0,0,1,0
Hypertension,0,0,1,1,0,0,0,0,0,0,0,0,0,0,1,0,0,0,0,1
Heart Disease,0,0,1,0,0,0,0,1,1,0,0,0,0,0,1,0,0,0,1,1
Heart Disease,0,0,1,0,0,0,0,1,1,0,0,0,0,0,0,0,0,0,1,1
Heart Disease,0,0,1,1,0,0,0,1,1,0,0,0,0,0,1,0,0,0,1,1
Diabetes,0,0,1,0,0,0,0,0,0,0,0,0,0,0,0,0,0,0,1,1
Diabetes,0,0,1,0,0,0,0,0,0,0,0,0,0,0,0,0,0,0,0,1
Diabetes,0,0,1,1,0,0,0,0,0,0,0,0,0,0,1,0,0,0,1,1
Eczema,0,0,0,0,0,0,0,0,0,0,0,0,0,0,0,1,1,0,0,0
Eczema,0,0,0,0,0,0,0,0,0,0,0,0,0,0,0,1,1,0,0,0
Eczema,0,0,0,0,0,0,0,0,0,0,0,0,0,0,0,1,1,0,0,0
Allergic Reaction,0,0,0,0,0,0,0,0,0,0,0,0,0,0,0,1,1,0,0,0
Allergic Reaction,0,1,0,0,0,0,0,0,0,0,1,0,0,0,0,1,1,0,0,0
Allergic Reaction,0,0,0,0,1,0,0,0,0,0,0,0,0,0,1,1,1,0,0,0
Urinary Tract Infection,1,0,1,0,0,0,0,0,0,0,0,0,0,1,0,0,0,0,0,1
Urinary Tract Infection,1,0,1,0,0,0,0,0,0,0,0,0,0,1,0,0,0,1,0,1
Urinary Tract Infection,1,0,0,0,0,0,0,0,0,0,0,0,0,1,0,0,0,0,0,0
Anxiety Disorder,0,0,1,1,0,0,0,0,0,0,0,0,0,0,1,0,0,0,1,1
Anxiety Disorder,0,0,1,0,0,0,0,1,1,0,0,0,0,0,1,0,0,0,1,1
Anxiety Disorder,0,0,1,1,1,0,0,0,0,0,0,0,0,0,1,0,0,0,0,1
Depression,0,0,1,1,0,0,0,0,0,0,0,0,0,0,0,0,0,0,0,1
Depression,0,0,1,0,0,0,0,0,0,0,0,0,0,0,0,0,0,0,0,1
Depression,0,0,1,1,0,0,0,0,0,0,0,0,0,0,0,0,0,0,0,1
Conjunctivitis,0,0,0,0,0,0,0,0,0,0,0,0,0,0,0,0,0,0,0,0
Conjunctivitis,1,0,0,0,0,0,0,0,0,0,0,0,0,0,0,0,1,0,0,0
Conjunctivitis,0,0,0,0,0,0,0,0,0,0,0,0,0,0,0,0,1,0,0,0
Sinusitis,0,0,1,1,0,0,0,0,0,0,1,1,0,0,0,0,0,0,0,0
Sinusitis,1,0,1,1,0,0,0,0,0,0,1,1,0,0,0,0,0,0,0,0
Sinusitis,0,1,0,1,0,0,0,0,0,0,1,1,0,0,0,0,0,0,0,0
Arthritis,0,0,1,0,0,0,0,0,0,0,0,0,1,1,0,0,0,0,0,1
Arthritis,0,0,0,0,0,0,0,0,0,0,0,0,1,1,0,0,0,0,0,0
Arthritis,0,0,1,0,0,0,0,0,0,0,0,0,1,0,0,0,0,0,0,1
COVID-19,1,1,1,1,0,0,0,0,1,0,0,0,1,1,0,0,0,1,1,1
COVID-19,1,1,1,0,0,0,0,0,1,0,0,0,1,1,0,0,0,1,1,1
COVID-19,1,1,1,1,1,0,0,0,1,0,0,0,1,0,1,0,0,1,1,1
Food Poisoning,1,0,1,0,1,1,1,0,0,0,0,0,0,1,0,0,0,0,0,1
Food Poisoning,0,0,1,0,1,1,1,0,0,0,0,0,0,1,0,0,0,0,0,1
Food Poisoning,1,0,0,0,1,1,1,0,0,0,0,0,0,1,1,0,0,0,0,0
